{"RuleTriggered": 0, "Violations": 0, "Details": {"pin_memory": false, "num_workers": 0, "cores": 36, "dataloaders": 1, "dataloading_time": {"p25": 0.021520749999999998, "p50": 0.0219955, "p95": 0.02294195, "probs": [1, 0, 0, 0, 0, 0, 0, 0, 0, 0, 0, 0, 0, 0, 0, 0, 0, 0, 0, 0, 0, 0, 0, 0, 0, 0, 0, 0, 0, 0, 0, 0, 0, 0, 0, 0, 0, 0, 0, 0, 0, 0, 0, 0, 0, 0, 0, 0, 0, 0, 0, 0, 0, 0, 0, 0, 0, 0, 0, 0, 0, 0, 0, 0, 0, 0, 0, 0, 0, 0, 0, 0, 0, 0, 0, 0, 0, 0, 0, 0, 0, 0, 0, 0, 0, 0, 0, 0, 1, 0, 1, 1, 1, 0, 0, 2, 0, 0, 1, 2], "binedges": [0.006555, 0.00671945, 0.0068839, 0.00704835, 0.0072128, 0.00737725, 0.0075417, 0.00770615, 0.0078706, 0.00803505, 0.0081995, 0.00836395, 0.0085284, 0.00869285, 0.0088573, 0.00902175, 0.0091862, 0.00935065, 0.0095151, 0.00967955, 0.009844, 0.01000845, 0.0101729, 0.01033735, 0.0105018, 0.01066625, 0.0108307, 0.01099515, 0.0111596, 0.01132405, 0.0114885, 0.01165295, 0.0118174, 0.01198185, 0.0121463, 0.01231075, 0.0124752, 0.01263965, 0.0128041, 0.01296855, 0.013133, 0.01329745, 0.0134619, 0.01362635, 0.0137908, 0.01395525, 0.0141197, 0.01428415, 0.0144486, 0.01461305, 0.0147775, 0.01494195, 0.0151064, 0.01527085, 0.0154353, 0.01559975, 0.0157642, 0.015928650000000003, 0.0160931, 0.016257550000000003, 0.016422, 0.016586450000000003, 0.0167509, 0.016915350000000003, 0.0170798, 0.017244250000000003, 0.0174087, 0.017573150000000003, 0.0177376, 0.017902050000000003, 0.0180665, 0.018230950000000003, 0.0183954, 0.018559850000000003, 0.0187243, 0.018888750000000003, 0.0190532, 0.019217650000000003, 0.0193821, 0.019546550000000003, 0.019711, 0.019875450000000003, 0.0200399, 0.020204350000000003, 0.0203688, 0.020533250000000003, 0.0206977, 0.020862150000000003, 0.0210266, 0.021191050000000003, 0.0213555, 0.021519950000000003, 0.0216844, 0.021848850000000003, 0.0220133, 0.022177750000000003, 0.0223422, 0.022506650000000003, 0.0226711, 0.022835550000000003, 0.023]}}, "Datapoints": 10, "RuleParameters": "min_threshold:70\nmax_threshold:200"}