{"RuleTriggered": 0, "Violations": 0, "Details": {"step_num": {"first": 1640341259830197, "last": 1640343409402881}, "job_start": 1640341151.062171, "job_end": 1640343419.562468}, "Datapoints": 84, "RuleParameters": "threshold:20"}