{"RuleTriggered": 0, "Violations": 0, "Details": {"ratio": {"cpu_functions": 100.0}, "phase": {"Step:ModeKeys.GLOBAL": 97.37258529323681, "others": 2.6274147067631874}, "phase_time": {}, "general": {"DataLoaderIterInitialize": 2.5756758648650674e-05, "Forward": 99.99053115438471, "DataLoaderIter": 0.009443088856646213}, "CPU": {"dropout": 3.7223076688922245, "matmul": 10.993290571412281, "mm": 26.59943707236471, "NativeLayerNormBackward": 6.990683869186423, "native_layer_norm_backward": 6.988966189614436, "MmBackward": 17.079840459534164, "GeluBackward": 13.812926070409256, "gelu_backward": 13.812548098586507}, "CPU_total": {"dropout": 10852616, "matmul": 32051612, "mm": 77552288, "NativeLayerNormBackward": 20381767, "native_layer_norm_backward": 20376759, "MmBackward": 49797321, "GeluBackward": 40272432, "gelu_backward": 40271330}}, "Datapoints": 0, "RuleParameters": ""}